id,day,from,to
244597,20241021,08:15,21:30
244597,20241022,08:15,21:30
244597,20241023,08:15,21:30
244597,20241024,08:15,21:30
244597,20241025,08:15,21:30
244597,20241026,08:15,21:30
244597,20241027,08:15,21:30
244598,20241021,08:15,21:30
244598,20241022,08:15,21:30
244598,20241023,08:15,21:30
244598,20241024,08:15,21:30
244598,20241025,08:15,21:30
244598,20241026,08:15,21:30
244598,20241027,08:15,21:30
244599,20241021,08:15,21:30
244599,20241022,08:15,21:30
244599,20241023,08:15,21:30
244599,20241024,08:15,21:30
244599,20241025,08:15,21:30
244599,20241026,08:15,21:30
244599,20241027,08:15,21:30
244600,20241021,08:15,21:30
244600,20241022,08:15,21:30
244600,20241023,08:15,21:30
244600,20241024,08:15,21:30
244600,20241025,08:15,21:30
244600,20241026,08:15,21:30
244600,20241027,08:15,21:30
244544,20241021,08:15,21:30
244544,20241022,08:15,21:30
244544,20241023,08:15,21:30
244544,20241024,08:15,21:30
244544,20241025,08:15,21:30
244544,20241026,08:15,21:30
244544,20241027,08:15,21:30
244545,20241021,08:15,21:30
244545,20241022,08:15,21:30
244545,20241023,08:15,21:30
244545,20241024,08:15,21:30
244545,20241025,08:15,21:30
244545,20241026,08:15,21:30
244545,20241027,08:15,21:30
244546,20241021,08:15,21:30
244546,20241022,08:15,21:30
244546,20241023,08:15,21:30
244546,20241024,08:15,21:30
244546,20241025,08:15,21:30
244546,20241026,08:15,21:30
244546,20241027,08:15,21:30
244547,20241021,08:15,21:30
244547,20241022,08:15,21:30
244547,20241023,08:15,21:30
244547,20241024,08:15,21:30
244547,20241025,08:15,21:30
244547,20241026,08:15,21:30
244547,20241027,08:15,21:30
244548,20241021,08:15,21:30
244548,20241022,08:15,21:30
244548,20241023,08:15,21:30
244548,20241024,08:15,21:30
244548,20241025,08:15,21:30
244548,20241026,08:15,21:30
244548,20241027,08:15,21:30
244549,20241021,08:15,21:30
244549,20241022,08:15,21:30
244549,20241023,08:15,21:30
244549,20241024,08:15,21:30
244549,20241025,08:15,21:30
244549,20241026,08:15,21:30
244549,20241027,08:15,21:30
244550,20241021,08:15,21:30
244550,20241022,08:15,21:30
244550,20241023,08:15,21:30
244550,20241024,08:15,21:30
244550,20241025,08:15,21:30
244550,20241026,08:15,21:30
244550,20241027,08:15,21:30
244551,20241021,08:15,21:30
244551,20241022,08:15,21:30
244551,20241023,08:15,21:30
244551,20241024,08:15,21:30
244551,20241025,08:15,21:30
244551,20241026,08:15,21:30
244551,20241027,08:15,21:30
244552,20241021,08:15,21:30
244552,20241022,08:15,21:30
244552,20241023,08:15,21:30
244552,20241024,08:15,21:30
244552,20241025,08:15,21:30
244552,20241026,08:15,21:30
244552,20241027,08:15,21:30
244553,20241021,08:15,21:30
244553,20241022,08:15,21:30
244553,20241023,08:15,21:30
244553,20241024,08:15,21:30
244553,20241025,08:15,21:30
244553,20241026,08:15,21:30
244553,20241027,08:15,21:30
244554,20241021,08:15,21:30
244554,20241022,08:15,21:30
244554,20241023,08:15,21:30
244554,20241024,08:15,21:30
244554,20241025,08:15,21:30
244554,20241026,08:15,21:30
244554,20241027,08:15,21:30
244555,20241021,08:15,21:30
244555,20241022,08:15,21:30
244555,20241023,08:15,21:30
244555,20241024,08:15,21:30
244555,20241025,08:15,21:30
244555,20241026,08:15,21:30
244555,20241027,08:15,21:30
244556,20241021,08:15,21:30
244556,20241022,08:15,21:30
244556,20241023,08:15,21:30
244556,20241024,08:15,21:30
244556,20241025,08:15,21:30
244556,20241026,08:15,21:30
244556,20241027,08:15,21:30
244557,20241021,08:15,21:30
244557,20241022,08:15,21:30
244557,20241023,08:15,21:30
244557,20241024,08:15,21:30
244557,20241025,08:15,21:30
244557,20241026,08:15,21:30
244557,20241027,08:15,21:30
244558,20241021,08:15,21:30
244558,20241022,08:15,21:30
244558,20241023,08:15,21:30
244558,20241024,08:15,21:30
244558,20241025,08:15,21:30
244558,20241026,08:15,21:30
244558,20241027,08:15,21:30
244559,20241021,08:15,21:30
244559,20241022,08:15,21:30
244559,20241023,08:15,21:30
244559,20241024,08:15,21:30
244559,20241025,08:15,21:30
244559,20241026,08:15,21:30
244559,20241027,08:15,21:30
244560,20241021,08:15,21:30
244560,20241022,08:15,21:30
244560,20241023,08:15,21:30
244560,20241024,08:15,21:30
244560,20241025,08:15,21:30
244560,20241026,08:15,21:30
244560,20241027,08:15,21:30
244561,20241021,08:15,21:30
244561,20241022,08:15,21:30
244561,20241023,08:15,21:30
244561,20241024,08:15,21:30
244561,20241025,08:15,21:30
244561,20241026,08:15,21:30
244561,20241027,08:15,21:30
244562,20241021,08:15,21:30
244562,20241022,08:15,21:30
244562,20241023,08:15,21:30
244562,20241024,08:15,21:30
244562,20241025,08:15,21:30
244562,20241026,08:15,21:30
244562,20241027,08:15,21:30
244563,20241021,08:15,21:30
244563,20241022,08:15,21:30
244563,20241023,08:15,21:30
244563,20241024,08:15,21:30
244563,20241025,08:15,21:30
244563,20241026,08:15,21:30
244563,20241027,08:15,21:30
244564,20241021,08:15,21:30
244564,20241022,08:15,21:30
244564,20241023,08:15,21:30
244564,20241024,08:15,21:30
244564,20241025,08:15,21:30
244564,20241026,08:15,21:30
244564,20241027,08:15,21:30
244565,20241021,08:15,21:30
244565,20241022,08:15,21:30
244565,20241023,08:15,21:30
244565,20241024,08:15,21:30
244565,20241025,08:15,21:30
244565,20241026,08:15,21:30
244565,20241027,08:15,21:30
244566,20241021,08:15,21:30
244566,20241022,08:15,21:30
244566,20241023,08:15,21:30
244566,20241024,08:15,21:30
244566,20241025,08:15,21:30
244566,20241026,08:15,21:30
244566,20241027,08:15,21:30
244567,20241021,08:15,21:30
244567,20241022,08:15,21:30
244567,20241023,08:15,21:30
244567,20241024,08:15,21:30
244567,20241025,08:15,21:30
244567,20241026,08:15,21:30
244567,20241027,08:15,21:30
244568,20241021,08:15,21:30
244568,20241022,08:15,21:30
244568,20241023,08:15,21:30
244568,20241024,08:15,21:30
244568,20241025,08:15,21:30
244568,20241026,08:15,21:30
244568,20241027,08:15,21:30
244569,20241021,08:15,21:30
244569,20241022,08:15,21:30
244569,20241023,08:15,21:30
244569,20241024,08:15,21:30
244569,20241025,08:15,21:30
244569,20241026,08:15,21:30
244569,20241027,08:15,21:30
244570,20241021,08:15,21:30
244570,20241022,08:15,21:30
244570,20241023,08:15,21:30
244570,20241024,08:15,21:30
244570,20241025,08:15,21:30
244570,20241026,08:15,21:30
244570,20241027,08:15,21:30
244571,20241021,08:15,21:30
244571,20241022,08:15,21:30
244571,20241023,08:15,21:30
244571,20241024,08:15,21:30
244571,20241025,08:15,21:30
244571,20241026,08:15,21:30
244571,20241027,08:15,21:30
244572,20241021,08:15,21:30
244572,20241022,08:15,21:30
244572,20241023,08:15,21:30
244572,20241024,08:15,21:30
244572,20241025,08:15,21:30
244572,20241026,08:15,21:30
244572,20241027,08:15,21:30
244573,20241021,08:15,21:30
244573,20241022,08:15,21:30
244573,20241023,08:15,21:30
244573,20241024,08:15,21:30
244573,20241025,08:15,21:30
244573,20241026,08:15,21:30
244573,20241027,08:15,21:30
244574,20241021,08:15,21:30
244574,20241022,08:15,21:30
244574,20241023,08:15,21:30
244574,20241024,08:15,21:30
244574,20241025,08:15,21:30
244574,20241026,08:15,21:30
244574,20241027,08:15,21:30
244575,20241021,08:15,21:30
244575,20241022,08:15,21:30
244575,20241023,08:15,21:30
244575,20241024,08:15,21:30
244575,20241025,08:15,21:30
244575,20241026,08:15,21:30
244575,20241027,08:15,21:30
244576,20241021,08:15,21:30
244576,20241022,08:15,21:30
244576,20241023,08:15,21:30
244576,20241024,08:15,21:30
244576,20241025,08:15,21:30
244576,20241026,08:15,21:30
244576,20241027,08:15,21:30
244577,20241021,08:15,21:30
244577,20241022,08:15,21:30
244577,20241023,08:15,21:30
244577,20241024,08:15,21:30
244577,20241025,08:15,21:30
244577,20241026,08:15,21:30
244577,20241027,08:15,21:30
244578,20241021,08:15,21:30
244578,20241022,08:15,21:30
244578,20241023,08:15,21:30
244578,20241024,08:15,21:30
244578,20241025,08:15,21:30
244578,20241026,08:15,21:30
244578,20241027,08:15,21:30
244579,20241021,08:15,21:30
244579,20241022,08:15,21:30
244579,20241023,08:15,21:30
244579,20241024,08:15,21:30
244579,20241025,08:15,21:30
244579,20241026,08:15,21:30
244579,20241027,08:15,21:30
244580,20241021,08:15,21:30
244580,20241022,08:15,21:30
244580,20241023,08:15,21:30
244580,20241024,08:15,21:30
244580,20241025,08:15,21:30
244580,20241026,08:15,21:30
244580,20241027,08:15,21:30
244581,20241021,08:15,21:30
244581,20241022,08:15,21:30
244581,20241023,08:15,21:30
244581,20241024,08:15,21:30
244581,20241025,08:15,21:30
244581,20241026,08:15,21:30
244581,20241027,08:15,21:30
244582,20241021,08:15,21:30
244582,20241022,08:15,21:30
244582,20241023,08:15,21:30
244582,20241024,08:15,21:30
244582,20241025,08:15,21:30
244582,20241026,08:15,21:30
244582,20241027,08:15,21:30
244583,20241021,08:15,21:30
244583,20241022,08:15,21:30
244583,20241023,08:15,21:30
244583,20241024,08:15,21:30
244583,20241025,08:15,21:30
244583,20241026,08:15,21:30
244583,20241027,08:15,21:30
244584,20241021,08:15,21:30
244584,20241022,08:15,21:30
244584,20241023,08:15,21:30
244584,20241024,08:15,21:30
244584,20241025,08:15,21:30
244584,20241026,08:15,21:30
244584,20241027,08:15,21:30
244585,20241021,08:15,21:30
244585,20241022,08:15,21:30
244585,20241023,08:15,21:30
244585,20241024,08:15,21:30
244585,20241025,08:15,21:30
244585,20241026,08:15,21:30
244585,20241027,08:15,21:30
244601,20241021,08:15,21:30
244601,20241022,08:15,21:30
244601,20241023,08:15,21:30
244601,20241024,08:15,21:30
244601,20241025,08:15,21:30
244601,20241026,08:15,21:30
244601,20241027,08:15,21:30
244586,20241021,08:15,21:30
244586,20241022,08:15,21:30
244586,20241023,08:15,21:30
244586,20241024,08:15,21:30
244586,20241025,08:15,21:30
244586,20241026,08:15,21:30
244586,20241027,08:15,21:30
244587,20241021,08:15,21:30
244587,20241022,08:15,21:30
244587,20241023,08:15,21:30
244587,20241024,08:15,21:30
244587,20241025,08:15,21:30
244587,20241026,08:15,21:30
244587,20241027,08:15,21:30
244588,20241021,08:15,21:30
244588,20241022,08:15,21:30
244588,20241023,08:15,21:30
244588,20241024,08:15,21:30
244588,20241025,08:15,21:30
244588,20241026,08:15,21:30
244588,20241027,08:15,21:30
244589,20241021,08:15,21:30
244589,20241022,08:15,21:30
244589,20241023,08:15,21:30
244589,20241024,08:15,21:30
244589,20241025,08:15,21:30
244589,20241026,08:15,21:30
244589,20241027,08:15,21:30
244590,20241021,08:15,21:30
244590,20241022,08:15,21:30
244590,20241023,08:15,21:30
244590,20241024,08:15,21:30
244590,20241025,08:15,21:30
244590,20241026,08:15,21:30
244590,20241027,08:15,21:30
244591,20241021,08:15,21:30
244591,20241022,08:15,21:30
244591,20241023,08:15,21:30
244591,20241024,08:15,21:30
244591,20241025,08:15,21:30
244591,20241026,08:15,21:30
244591,20241027,08:15,21:30
244592,20241021,08:15,21:30
244592,20241022,08:15,21:30
244592,20241023,08:15,21:30
244592,20241024,08:15,21:30
244592,20241025,08:15,21:30
244592,20241026,08:15,21:30
244592,20241027,08:15,21:30
244593,20241021,08:15,21:30
244593,20241022,08:15,21:30
244593,20241023,08:15,21:30
244593,20241024,08:15,21:30
244593,20241025,08:15,21:30
244593,20241026,08:15,21:30
244593,20241027,08:15,21:30
244594,20241021,08:15,21:30
244594,20241022,08:15,21:30
244594,20241023,08:15,21:30
244594,20241024,08:15,21:30
244594,20241025,08:15,21:30
244594,20241026,08:15,21:30
244594,20241027,08:15,21:30
244595,20241021,08:15,21:30
244595,20241022,08:15,21:30
244595,20241023,08:15,21:30
244595,20241024,08:15,21:30
244595,20241025,08:15,21:30
244595,20241026,08:15,21:30
244595,20241027,08:15,21:30
244596,20241021,08:15,21:30
244596,20241022,08:15,21:30
244596,20241023,08:15,21:30
244596,20241024,08:15,21:30
244596,20241025,08:15,21:30
244596,20241026,08:15,21:30
244596,20241027,08:15,21:30
244602,20241021,08:15,21:30
244602,20241022,08:15,21:30
244602,20241023,08:15,21:30
244602,20241024,08:15,21:30
244602,20241025,08:15,21:30
244602,20241026,08:15,21:30
244602,20241027,08:15,21:30
244603,20241021,08:15,21:30
244603,20241022,08:15,21:30
244603,20241023,08:15,21:30
244603,20241024,08:15,21:30
244603,20241025,08:15,21:30
244603,20241026,08:15,21:30
244603,20241027,08:15,21:30
244604,20241021,08:15,21:30
244604,20241022,08:15,21:30
244604,20241023,08:15,21:30
244604,20241024,08:15,21:30
244604,20241025,08:15,21:30
244604,20241026,08:15,21:30
244604,20241027,08:15,21:30
244605,20241021,08:15,21:30
244605,20241022,08:15,21:30
244605,20241023,08:15,21:30
244605,20241024,08:15,21:30
244605,20241025,08:15,21:30
244605,20241026,08:15,21:30
244605,20241027,08:15,21:30
244606,20241021,08:15,21:30
244606,20241022,08:15,21:30
244606,20241023,08:15,21:30
244606,20241024,08:15,21:30
244606,20241025,08:15,21:30
244606,20241026,08:15,21:30
244606,20241027,08:15,21:30
244613,20241021,08:15,21:30
244613,20241022,08:15,21:30
244613,20241023,08:15,21:30
244613,20241024,08:15,21:30
244613,20241025,08:15,21:30
244613,20241026,08:15,21:30
244613,20241027,08:15,21:30
244614,20241021,08:15,21:30
244614,20241022,08:15,21:30
244614,20241023,08:15,21:30
244614,20241024,08:15,21:30
244614,20241025,08:15,21:30
244614,20241026,08:15,21:30
244614,20241027,08:15,21:30
244615,20241021,08:15,21:30
244615,20241022,08:15,21:30
244615,20241023,08:15,21:30
244615,20241024,08:15,21:30
244615,20241025,08:15,21:30
244615,20241026,08:15,21:30
244615,20241027,08:15,21:30
244616,20241021,08:15,21:30
244616,20241022,08:15,21:30
244616,20241023,08:15,21:30
244616,20241024,08:15,21:30
244616,20241025,08:15,21:30
244616,20241026,08:15,21:30
244616,20241027,08:15,21:30
244617,20241021,08:15,21:30
244617,20241022,08:15,21:30
244617,20241023,08:15,21:30
244617,20241024,08:15,21:30
244617,20241025,08:15,21:30
244617,20241026,08:15,21:30
244617,20241027,08:15,21:30
244618,20241021,08:15,21:30
244618,20241022,08:15,21:30
244618,20241023,08:15,21:30
244618,20241024,08:15,21:30
244618,20241025,08:15,21:30
244618,20241026,08:15,21:30
244618,20241027,08:15,21:30
244619,20241021,08:15,21:30
244619,20241022,08:15,21:30
244619,20241023,08:15,21:30
244619,20241024,08:15,21:30
244619,20241025,08:15,21:30
244619,20241026,08:15,21:30
244619,20241027,08:15,21:30
244620,20241021,08:15,21:30
244620,20241022,08:15,21:30
244620,20241023,08:15,21:30
244620,20241024,08:15,21:30
244620,20241025,08:15,21:30
244620,20241026,08:15,21:30
244620,20241027,08:15,21:30
244621,20241021,08:15,21:30
244621,20241022,08:15,21:30
244621,20241023,08:15,21:30
244621,20241024,08:15,21:30
244621,20241025,08:15,21:30
244621,20241026,08:15,21:30
244621,20241027,08:15,21:30
244622,20241021,08:15,21:30
244622,20241022,08:15,21:30
244622,20241023,08:15,21:30
244622,20241024,08:15,21:30
244622,20241025,08:15,21:30
244622,20241026,08:15,21:30
244622,20241027,08:15,21:30
244623,20241021,08:15,21:30
244623,20241022,08:15,21:30
244623,20241023,08:15,21:30
244623,20241024,08:15,21:30
244623,20241025,08:15,21:30
244623,20241026,08:15,21:30
244623,20241027,08:15,21:30
244624,20241021,08:15,21:30
244624,20241022,08:15,21:30
244624,20241023,08:15,21:30
244624,20241024,08:15,21:30
244624,20241025,08:15,21:30
244624,20241026,08:15,21:30
244624,20241027,08:15,21:30
244625,20241021,08:15,21:30
244625,20241022,08:15,21:30
244625,20241023,08:15,21:30
244625,20241024,08:15,21:30
244625,20241025,08:15,21:30
244625,20241026,08:15,21:30
244625,20241027,08:15,21:30
244626,20241021,08:15,21:30
244626,20241022,08:15,21:30
244626,20241023,08:15,21:30
244626,20241024,08:15,21:30
244626,20241025,08:15,21:30
244626,20241026,08:15,21:30
244626,20241027,08:15,21:30
244627,20241021,08:15,21:30
244627,20241022,08:15,21:30
244627,20241023,08:15,21:30
244627,20241024,08:15,21:30
244627,20241025,08:15,21:30
244627,20241026,08:15,21:30
244627,20241027,08:15,21:30
244628,20241021,08:15,21:30
244628,20241022,08:15,21:30
244628,20241023,08:15,21:30
244628,20241024,08:15,21:30
244628,20241025,08:15,21:30
244628,20241026,08:15,21:30
244628,20241027,08:15,21:30
244607,20241021,08:15,21:30
244607,20241022,08:15,21:30
244607,20241023,08:15,21:30
244607,20241024,08:15,21:30
244607,20241025,08:15,21:30
244607,20241026,08:15,21:30
244607,20241027,08:15,21:30
244608,20241021,08:15,21:30
244608,20241022,08:15,21:30
244608,20241023,08:15,21:30
244608,20241024,08:15,21:30
244608,20241025,08:15,21:30
244608,20241026,08:15,21:30
244608,20241027,08:15,21:30
244609,20241021,08:15,21:30
244609,20241022,08:15,21:30
244609,20241023,08:15,21:30
244609,20241024,08:15,21:30
244609,20241025,08:15,21:30
244609,20241026,08:15,21:30
244609,20241027,08:15,21:30
244610,20241021,08:15,21:30
244610,20241022,08:15,21:30
244610,20241023,08:15,21:30
244610,20241024,08:15,21:30
244610,20241025,08:15,21:30
244610,20241026,08:15,21:30
244610,20241027,08:15,21:30
244611,20241021,08:15,21:30
244611,20241022,08:15,21:30
244611,20241023,08:15,21:30
244611,20241024,08:15,21:30
244611,20241025,08:15,21:30
244611,20241026,08:15,21:30
244611,20241027,08:15,21:30
244612,20241021,08:15,21:30
244612,20241022,08:15,21:30
244612,20241023,08:15,21:30
244612,20241024,08:15,21:30
244612,20241025,08:15,21:30
244612,20241026,08:15,21:30
244612,20241027,08:15,21:30
244629,20241021,08:15,21:30
244629,20241022,08:15,21:30
244629,20241023,08:15,21:30
244629,20241024,08:15,21:30
244629,20241025,08:15,21:30
244629,20241026,08:15,21:30
244629,20241027,08:15,21:30
244630,20241021,08:15,21:30
244630,20241022,08:15,21:30
244630,20241023,08:15,21:30
244630,20241024,08:15,21:30
244630,20241025,08:15,21:30
244630,20241026,08:15,21:30
244630,20241027,08:15,21:30
244631,20241021,08:15,21:30
244631,20241022,08:15,21:30
244631,20241023,08:15,21:30
244631,20241024,08:15,21:30
244631,20241025,08:15,21:30
244631,20241026,08:15,21:30
244631,20241027,08:15,21:30
