id,day,from,to
1066,20230508,07:00,21:30
1066,20230509,07:00,21:30
1066,20230510,07:00,21:30
1066,20230511,07:00,21:30
1066,20230512,07:00,21:30
1066,20230513,07:00,21:30
1066,20230514,07:00,21:30
1065,20230508,07:00,21:30
1065,20230509,07:00,21:30
1065,20230510,07:00,21:30
1065,20230511,07:00,21:30
1065,20230512,07:00,21:30
1065,20230513,07:00,21:30
1065,20230514,07:00,21:30
1064,20230508,07:00,21:30
1064,20230509,07:00,21:30
1064,20230510,07:00,21:30
1064,20230511,07:00,21:30
1064,20230512,07:00,21:30
1064,20230513,07:00,21:30
1064,20230514,07:00,21:30
1063,20230508,07:00,21:30
1063,20230509,07:00,21:30
1063,20230510,07:00,21:30
1063,20230511,07:00,21:30
1063,20230512,07:00,21:30
1063,20230513,07:00,21:30
1063,20230514,07:00,21:30
1062,20230508,07:00,21:30
1062,20230509,07:00,21:30
1062,20230510,07:00,21:30
1062,20230511,07:00,21:30
1062,20230512,07:00,21:30
1062,20230513,07:00,21:30
1062,20230514,07:00,21:30
1061,20230508,07:00,21:30
1061,20230509,07:00,21:30
1061,20230510,07:00,21:30
1061,20230511,07:00,21:30
1061,20230512,07:00,21:30
1061,20230513,07:00,21:30
1061,20230514,07:00,21:30
1060,20230508,07:00,21:30
1060,20230509,07:00,21:30
1060,20230510,07:00,21:30
1060,20230511,07:00,21:30
1060,20230512,07:00,21:30
1060,20230513,07:00,21:30
1060,20230514,07:00,21:30
1059,20230508,07:00,21:30
1059,20230509,07:00,21:30
1059,20230510,07:00,21:30
1059,20230511,07:00,21:30
1059,20230512,07:00,21:30
1059,20230513,07:00,21:30
1059,20230514,07:00,21:30
1058,20230508,07:00,21:30
1058,20230509,07:00,21:30
1058,20230510,07:00,21:30
1058,20230511,07:00,21:30
1058,20230512,07:00,21:30
1058,20230513,07:00,21:30
1058,20230514,07:00,21:30
1057,20230508,07:00,21:30
1057,20230509,07:00,21:30
1057,20230510,07:00,21:30
1057,20230511,07:00,21:30
1057,20230512,07:00,21:30
1057,20230513,07:00,21:30
1057,20230514,07:00,21:30
1056,20230508,07:00,21:30
1056,20230509,07:00,21:30
1056,20230510,07:00,21:30
1056,20230511,07:00,21:30
1056,20230512,07:00,21:30
1056,20230513,07:00,21:30
1056,20230514,07:00,21:30
1033,20230508,07:00,21:30
1033,20230509,07:00,21:30
1033,20230510,07:00,21:30
1033,20230511,07:00,21:30
1033,20230512,07:00,21:30
1033,20230513,07:00,21:30
1033,20230514,07:00,21:30
1077,20230508,07:00,21:30
1077,20230509,07:00,21:30
1077,20230510,07:00,21:30
1077,20230511,07:00,21:30
1077,20230512,07:00,21:30
1077,20230513,07:00,21:30
1077,20230514,07:00,21:30
1032,20230508,07:00,21:30
1032,20230509,07:00,21:30
1032,20230510,07:00,21:30
1032,20230511,07:00,21:30
1032,20230512,07:00,21:30
1032,20230513,07:00,21:30
1032,20230514,07:00,21:30
1076,20230508,07:00,21:30
1076,20230509,07:00,21:30
1076,20230510,07:00,21:30
1076,20230511,07:00,21:30
1076,20230512,07:00,21:30
1076,20230513,07:00,21:30
1076,20230514,07:00,21:30
1031,20230508,07:00,21:30
1031,20230509,07:00,21:30
1031,20230510,07:00,21:30
1031,20230511,07:00,21:30
1031,20230512,07:00,21:30
1031,20230513,07:00,21:30
1031,20230514,07:00,21:30
1075,20230508,07:00,21:30
1075,20230509,07:00,21:30
1075,20230510,07:00,21:30
1075,20230511,07:00,21:30
1075,20230512,07:00,21:30
1075,20230513,07:00,21:30
1075,20230514,07:00,21:30
1074,20230508,07:00,21:30
1074,20230509,07:00,21:30
1074,20230510,07:00,21:30
1074,20230511,07:00,21:30
1074,20230512,07:00,21:30
1074,20230513,07:00,21:30
1074,20230514,07:00,21:30
1073,20230508,07:00,21:30
1073,20230509,07:00,21:30
1073,20230510,07:00,21:30
1073,20230511,07:00,21:30
1073,20230512,07:00,21:30
1073,20230513,07:00,21:30
1073,20230514,07:00,21:30
1072,20230508,07:00,21:30
1072,20230509,07:00,21:30
1072,20230510,07:00,21:30
1072,20230511,07:00,21:30
1072,20230512,07:00,21:30
1072,20230513,07:00,21:30
1072,20230514,07:00,21:30
1071,20230508,07:00,21:30
1071,20230509,07:00,21:30
1071,20230510,07:00,21:30
1071,20230511,07:00,21:30
1071,20230512,07:00,21:30
1071,20230513,07:00,21:30
1071,20230514,07:00,21:30
1070,20230508,07:00,21:30
1070,20230509,07:00,21:30
1070,20230510,07:00,21:30
1070,20230511,07:00,21:30
1070,20230512,07:00,21:30
1070,20230513,07:00,21:30
1070,20230514,07:00,21:30
1069,20230508,07:00,21:30
1069,20230509,07:00,21:30
1069,20230510,07:00,21:30
1069,20230511,07:00,21:30
1069,20230512,07:00,21:30
1069,20230513,07:00,21:30
1069,20230514,07:00,21:30
1068,20230508,07:00,21:30
1068,20230509,07:00,21:30
1068,20230510,07:00,21:30
1068,20230511,07:00,21:30
1068,20230512,07:00,21:30
1068,20230513,07:00,21:30
1068,20230514,07:00,21:30
1067,20230508,07:00,21:30
1067,20230509,07:00,21:30
1067,20230510,07:00,21:30
1067,20230511,07:00,21:30
1067,20230512,07:00,21:30
1067,20230513,07:00,21:30
1067,20230514,07:00,21:30
1080,20230508,07:00,21:30
1080,20230509,07:00,21:30
1080,20230510,07:00,21:30
1080,20230511,07:00,21:30
1080,20230512,07:00,21:30
1080,20230513,07:00,21:30
1080,20230514,07:00,21:30
1044,20230508,07:00,21:30
1044,20230509,07:00,21:30
1044,20230510,07:00,21:30
1044,20230511,07:00,21:30
1044,20230512,07:00,21:30
1044,20230513,07:00,21:30
1044,20230514,07:00,21:30
1088,20230508,07:00,21:30
1088,20230509,07:00,21:30
1088,20230510,07:00,21:30
1088,20230511,07:00,21:30
1088,20230512,07:00,21:30
1088,20230513,07:00,21:30
1088,20230514,07:00,21:30
1043,20230508,07:00,21:30
1043,20230509,07:00,21:30
1043,20230510,07:00,21:30
1043,20230511,07:00,21:30
1043,20230512,07:00,21:30
1043,20230513,07:00,21:30
1043,20230514,07:00,21:30
1087,20230508,07:00,21:30
1087,20230509,07:00,21:30
1087,20230510,07:00,21:30
1087,20230511,07:00,21:30
1087,20230512,07:00,21:30
1087,20230513,07:00,21:30
1087,20230514,07:00,21:30
1042,20230508,07:00,21:30
1042,20230509,07:00,21:30
1042,20230510,07:00,21:30
1042,20230511,07:00,21:30
1042,20230512,07:00,21:30
1042,20230513,07:00,21:30
1042,20230514,07:00,21:30
1086,20230508,07:00,21:30
1086,20230509,07:00,21:30
1086,20230510,07:00,21:30
1086,20230511,07:00,21:30
1086,20230512,07:00,21:30
1086,20230513,07:00,21:30
1086,20230514,07:00,21:30
1041,20230508,07:00,21:30
1041,20230509,07:00,21:30
1041,20230510,07:00,21:30
1041,20230511,07:00,21:30
1041,20230512,07:00,21:30
1041,20230513,07:00,21:30
1041,20230514,07:00,21:30
1085,20230508,07:00,21:30
1085,20230509,07:00,21:30
1085,20230510,07:00,21:30
1085,20230511,07:00,21:30
1085,20230512,07:00,21:30
1085,20230513,07:00,21:30
1085,20230514,07:00,21:30
1040,20230508,07:00,21:30
1040,20230509,07:00,21:30
1040,20230510,07:00,21:30
1040,20230511,07:00,21:30
1040,20230512,07:00,21:30
1040,20230513,07:00,21:30
1040,20230514,07:00,21:30
1084,20230508,07:00,21:30
1084,20230509,07:00,21:30
1084,20230510,07:00,21:30
1084,20230511,07:00,21:30
1084,20230512,07:00,21:30
1084,20230513,07:00,21:30
1084,20230514,07:00,21:30
1083,20230508,07:00,21:30
1083,20230509,07:00,21:30
1083,20230510,07:00,21:30
1083,20230511,07:00,21:30
1083,20230512,07:00,21:30
1083,20230513,07:00,21:30
1083,20230514,07:00,21:30
1082,20230508,07:00,21:30
1082,20230509,07:00,21:30
1082,20230510,07:00,21:30
1082,20230511,07:00,21:30
1082,20230512,07:00,21:30
1082,20230513,07:00,21:30
1082,20230514,07:00,21:30
1081,20230508,07:00,21:30
1081,20230509,07:00,21:30
1081,20230510,07:00,21:30
1081,20230511,07:00,21:30
1081,20230512,07:00,21:30
1081,20230513,07:00,21:30
1081,20230514,07:00,21:30
1039,20230508,07:00,21:30
1039,20230509,07:00,21:30
1039,20230510,07:00,21:30
1039,20230511,07:00,21:30
1039,20230512,07:00,21:30
1039,20230513,07:00,21:30
1039,20230514,07:00,21:30
1038,20230508,07:00,21:30
1038,20230509,07:00,21:30
1038,20230510,07:00,21:30
1038,20230511,07:00,21:30
1038,20230512,07:00,21:30
1038,20230513,07:00,21:30
1038,20230514,07:00,21:30
1037,20230508,07:00,21:30
1037,20230509,07:00,21:30
1037,20230510,07:00,21:30
1037,20230511,07:00,21:30
1037,20230512,07:00,21:30
1037,20230513,07:00,21:30
1037,20230514,07:00,21:30
1036,20230508,07:00,21:30
1036,20230509,07:00,21:30
1036,20230510,07:00,21:30
1036,20230511,07:00,21:30
1036,20230512,07:00,21:30
1036,20230513,07:00,21:30
1036,20230514,07:00,21:30
1035,20230508,07:00,21:30
1035,20230509,07:00,21:30
1035,20230510,07:00,21:30
1035,20230511,07:00,21:30
1035,20230512,07:00,21:30
1035,20230513,07:00,21:30
1035,20230514,07:00,21:30
1079,20230508,07:00,21:30
1079,20230509,07:00,21:30
1079,20230510,07:00,21:30
1079,20230511,07:00,21:30
1079,20230512,07:00,21:30
1079,20230513,07:00,21:30
1079,20230514,07:00,21:30
1034,20230508,07:00,21:30
1034,20230509,07:00,21:30
1034,20230510,07:00,21:30
1034,20230511,07:00,21:30
1034,20230512,07:00,21:30
1034,20230513,07:00,21:30
1034,20230514,07:00,21:30
1078,20230508,07:00,21:30
1078,20230509,07:00,21:30
1078,20230510,07:00,21:30
1078,20230511,07:00,21:30
1078,20230512,07:00,21:30
1078,20230513,07:00,21:30
1078,20230514,07:00,21:30
1091,20230508,07:00,21:30
1091,20230509,07:00,21:30
1091,20230510,07:00,21:30
1091,20230511,07:00,21:30
1091,20230512,07:00,21:30
1091,20230513,07:00,21:30
1091,20230514,07:00,21:30
1090,20230508,07:00,21:30
1090,20230509,07:00,21:30
1090,20230510,07:00,21:30
1090,20230511,07:00,21:30
1090,20230512,07:00,21:30
1090,20230513,07:00,21:30
1090,20230514,07:00,21:30
1055,20230508,07:00,21:30
1055,20230509,07:00,21:30
1055,20230510,07:00,21:30
1055,20230511,07:00,21:30
1055,20230512,07:00,21:30
1055,20230513,07:00,21:30
1055,20230514,07:00,21:30
1054,20230508,07:00,21:30
1054,20230509,07:00,21:30
1054,20230510,07:00,21:30
1054,20230511,07:00,21:30
1054,20230512,07:00,21:30
1054,20230513,07:00,21:30
1054,20230514,07:00,21:30
1053,20230508,07:00,21:30
1053,20230509,07:00,21:30
1053,20230510,07:00,21:30
1053,20230511,07:00,21:30
1053,20230512,07:00,21:30
1053,20230513,07:00,21:30
1053,20230514,07:00,21:30
1096,20230508,07:00,21:30
1096,20230509,07:00,21:30
1096,20230510,07:00,21:30
1096,20230511,07:00,21:30
1096,20230512,07:00,21:30
1096,20230513,07:00,21:30
1096,20230514,07:00,21:30
1052,20230508,07:00,21:30
1052,20230509,07:00,21:30
1052,20230510,07:00,21:30
1052,20230511,07:00,21:30
1052,20230512,07:00,21:30
1052,20230513,07:00,21:30
1052,20230514,07:00,21:30
1095,20230508,07:00,21:30
1095,20230509,07:00,21:30
1095,20230510,07:00,21:30
1095,20230511,07:00,21:30
1095,20230512,07:00,21:30
1095,20230513,07:00,21:30
1095,20230514,07:00,21:30
1051,20230508,07:00,21:30
1051,20230509,07:00,21:30
1051,20230510,07:00,21:30
1051,20230511,07:00,21:30
1051,20230512,07:00,21:30
1051,20230513,07:00,21:30
1051,20230514,07:00,21:30
1094,20230508,07:00,21:30
1094,20230509,07:00,21:30
1094,20230510,07:00,21:30
1094,20230511,07:00,21:30
1094,20230512,07:00,21:30
1094,20230513,07:00,21:30
1094,20230514,07:00,21:30
1050,20230508,07:00,21:30
1050,20230509,07:00,21:30
1050,20230510,07:00,21:30
1050,20230511,07:00,21:30
1050,20230512,07:00,21:30
1050,20230513,07:00,21:30
1050,20230514,07:00,21:30
1093,20230508,07:00,21:30
1093,20230509,07:00,21:30
1093,20230510,07:00,21:30
1093,20230511,07:00,21:30
1093,20230512,07:00,21:30
1093,20230513,07:00,21:30
1093,20230514,07:00,21:30
1092,20230508,07:00,21:30
1092,20230509,07:00,21:30
1092,20230510,07:00,21:30
1092,20230511,07:00,21:30
1092,20230512,07:00,21:30
1092,20230513,07:00,21:30
1092,20230514,07:00,21:30
1049,20230508,07:00,21:30
1049,20230509,07:00,21:30
1049,20230510,07:00,21:30
1049,20230511,07:00,21:30
1049,20230512,07:00,21:30
1049,20230513,07:00,21:30
1049,20230514,07:00,21:30
1048,20230508,07:00,21:30
1048,20230509,07:00,21:30
1048,20230510,07:00,21:30
1048,20230511,07:00,21:30
1048,20230512,07:00,21:30
1048,20230513,07:00,21:30
1048,20230514,07:00,21:30
1047,20230508,07:00,21:30
1047,20230509,07:00,21:30
1047,20230510,07:00,21:30
1047,20230511,07:00,21:30
1047,20230512,07:00,21:30
1047,20230513,07:00,21:30
1047,20230514,07:00,21:30
1046,20230508,07:00,21:30
1046,20230509,07:00,21:30
1046,20230510,07:00,21:30
1046,20230511,07:00,21:30
1046,20230512,07:00,21:30
1046,20230513,07:00,21:30
1046,20230514,07:00,21:30
1045,20230508,07:00,21:30
1045,20230509,07:00,21:30
1045,20230510,07:00,21:30
1045,20230511,07:00,21:30
1045,20230512,07:00,21:30
1045,20230513,07:00,21:30
1045,20230514,07:00,21:30
1089,20230508,07:00,21:30
1089,20230509,07:00,21:30
1089,20230510,07:00,21:30
1089,20230511,07:00,21:30
1089,20230512,07:00,21:30
1089,20230513,07:00,21:30
1089,20230514,07:00,21:30
